           YEAR,           JDAY, QOMEAS_05BB001,  QOSIM_05BB001, QOMEAS_05BA001,  QOSIM_05BA001,
           2000,              1,   15.00000    ,   1000.800    ,  -1.000000    ,   128.9683    ,
           2000,              2,   15.00000    ,   781.0601    ,  -1.000000    ,   50.68707    ,
           2000,              3,   13.30000    ,   138.8190    ,  -1.000000    ,   2.205890    ,
           2000,              4,   11.80000    ,   4.777435    ,  -1.000000    ,  0.2150580    ,
           2000,              5,   12.90000    ,   1.747941    ,  -1.000000    ,  0.1162184    ,
           2000,              6,   13.50000    ,   1.225986    ,  -1.000000    ,  0.1055866    ,
           2000,              7,   13.00000    ,   1.165062    ,  -1.000000    ,  0.1130769    ,
           2000,              8,   13.00000    ,   1.256242    ,  -1.000000    ,  0.1249974    ,
           2000,              9,   12.80000    ,   1.395544    ,  -1.000000    ,  0.1372941    ,
           2000,             10,   12.60000    ,   1.539796    ,  -1.000000    ,  0.1487712    ,
           2000,             11,   11.80000    ,   1.674620    ,  -1.000000    ,  0.1591763    ,
           2000,             12,   10.40000    ,   1.797390    ,  -1.000000    ,  0.1685433    ,
           2000,             13,   10.10000    ,   1.908991    ,  -1.000000    ,  0.1769760    ,
           2000,             14,   10.60000    ,   2.010938    ,  -1.000000    ,  0.1845883    ,
           2000,             15,   10.40000    ,   2.104637    ,  -1.000000    ,  0.1914902    ,
           2000,             16,   10.40000    ,   2.191223    ,  -1.000000    ,  0.1977770    ,
           2000,             17,   10.70000    ,   2.271589    ,  -1.000000    ,  0.2035264    ,
           2000,             18,   10.90000    ,   2.346431    ,  -1.000000    ,  0.2088194    ,
           2000,             19,   11.30000    ,   2.416342    ,  -1.000000    ,  0.2137356    ,
           2000,             20,   10.50000    ,   2.481857    ,  -1.000000    ,  0.2183498    ,
           2000,             21,   9.520000    ,   2.543392    ,  -1.000000    ,  0.2227184    ,
           2000,             22,   10.20000    ,   2.601261    ,  -1.000000    ,  0.2268680    ,
           2000,             23,   10.80000    ,   2.655724    ,  -1.000000    ,  0.2308158    ,
           2000,             24,   10.10000    ,   2.706961    ,  -1.000000    ,  0.2345759    ,
           2000,             25,   9.450000    ,   2.755108    ,  -1.000000    ,  0.2381564    ,
           2000,             26,   9.030000    ,   2.800291    ,  -1.000000    ,  0.2415615    ,
           2000,             27,   9.490000    ,   2.842567    ,  -1.000000    ,  0.2447950    ,
           2000,             28,   10.20000    ,   2.882052    ,  -1.000000    ,  0.2478603    ,
           2000,             29,   9.730000    ,   2.918901    ,  -1.000000    ,  0.2507622    ,
           2000,             30,   9.140000    ,   2.953160    ,  -1.000000    ,  0.2535051    ,
           2000,             31,   9.070000    ,   2.984801    ,  -1.000000    ,  0.2560921    ,
           2000,             32,   9.110000    ,   3.013908    ,  -1.000000    ,  0.2585241    ,
           2000,             33,   9.600000    ,   3.040516    ,  -1.000000    ,  0.2608020    ,
           2000,             34,   9.890000    ,   3.064740    ,  -1.000000    ,  0.2629291    ,
           2000,             35,   9.710000    ,   3.086746    ,  -1.000000    ,  0.2649128    ,
           2000,             36,   9.210000    ,   3.106568    ,  -1.000000    ,  0.2667578    ,
           2000,             37,   9.130000    ,   3.124102    ,  -1.000000    ,  0.2684640    ,
           2000,             38,   9.330000    ,   3.139164    ,  -1.000000    ,  0.2700209    ,
           2000,             39,   10.00000    ,   3.151822    ,  -1.000000    ,  0.2713524    ,
           2000,             40,   10.20000    ,   3.161959    ,  -1.000000    ,  0.2724969    ,
           2000,             41,   10.50000    ,   3.169599    ,  -1.000000    ,  0.2735184    ,
           2000,             42,   10.10000    ,   3.174782    ,  -1.000000    ,  0.2744072    ,
           2000,             43,   9.000000    ,   3.178005    ,  -1.000000    ,  0.2751413    ,
           2000,             44,   8.800000    ,   3.180027    ,  -1.000000    ,  0.2757266    ,
           2000,             45,   8.900000    ,   3.180814    ,  -1.000000    ,  0.2761948    ,
           2000,             46,   9.000000    ,   3.180025    ,  -1.000000    ,  0.2765807    ,
           2000,             47,   9.200000    ,   3.177270    ,  -1.000000    ,  0.2768830    ,
           2000,             48,   9.500000    ,   3.172682    ,  -1.000000    ,  0.2770523    ,
           2000,             49,   9.700000    ,   3.166986    ,  -1.000000    ,  0.2769538    ,
           2000,             50,   10.00000    ,   3.160140    ,  -1.000000    ,  0.2765959    ,
           2000,             51,   10.40000    ,   3.152451    ,  -1.000000    ,  0.2761549    ,
           2000,             52,   10.80000    ,   3.144009    ,  -1.000000    ,  0.2756717    ,
           2000,             53,   11.20000    ,   3.134369    ,  -1.000000    ,  0.2751154    ,
           2000,             54,   11.50000    ,   3.123291    ,  -1.000000    ,  0.2744259    ,
           2000,             55,   11.50000    ,   3.111190    ,  -1.000000    ,  0.2736417    ,
           2000,             56,   11.00000    ,   3.098181    ,  -1.000000    ,  0.2728050    ,
           2000,             57,   9.960000    ,   3.084703    ,  -1.000000    ,  0.2719457    ,
           2000,             58,   9.420000    ,   3.071129    ,  -1.000000    ,  0.2710691    ,
           2000,             59,   9.570000    ,   3.057533    ,  -1.000000    ,  0.2701341    ,
           2000,             60,   9.730000    ,   3.043924    ,  -1.000000    ,  0.2691139    ,
           2000,             61,   9.730000    ,   3.030258    ,  -1.000000    ,  0.2680272    ,
           2000,             62,   9.650000    ,   3.016420    ,  -1.000000    ,  0.2668734    ,
           2000,             63,   9.540000    ,   3.002090    ,  -1.000000    ,  0.2656413    ,
           2000,             64,   9.480000    ,   2.987509    ,  -1.000000    ,  0.2643499    ,
           2000,             65,   9.330000    ,   2.972899    ,  -1.000000    ,  0.2630629    ,
           2000,             66,   9.270000    ,   2.958361    ,  -1.000000    ,  0.2617826    ,
           2000,             67,   9.150000    ,   2.943905    ,  -1.000000    ,  0.2605106    ,
           2000,             68,   9.140000    ,   2.929511    ,  -1.000000    ,  0.2592465    ,
           2000,             69,   8.970000    ,   2.915232    ,  -1.000000    ,  0.2579898    ,
           2000,             70,   9.200000    ,   2.901021    ,  -1.000000    ,  0.2567415    ,
           2000,             71,   9.440000    ,   2.886913    ,  -1.000000    ,  0.2555000    ,
           2000,             72,   9.410000    ,   2.872893    ,  -1.000000    ,  0.2542668    ,
           2000,             73,   9.160000    ,   2.858940    ,  -1.000000    ,  0.2530409    ,
           2000,             74,   8.990000    ,   2.845102    ,  -1.000000    ,  0.2518224    ,
           2000,             75,   8.950000    ,   2.831320    ,  -1.000000    ,  0.2506118    ,
           2000,             76,   8.790000    ,   2.817640    ,  -1.000000    ,  0.2494079    ,
           2000,             77,   8.950000    ,   2.804043    ,  -1.000000    ,  0.2482121    ,
           2000,             78,   8.910000    ,   2.790513    ,  -1.000000    ,  0.2470232    ,
           2000,             79,   8.900000    ,   2.777096    ,  -1.000000    ,  0.2458412    ,
           2000,             80,   9.010000    ,   2.763738    ,  -1.000000    ,  0.2446671    ,
           2000,             81,   8.800000    ,   2.750463    ,  -1.000000    ,  0.2434991    ,
           2000,             82,   8.940000    ,   2.737283    ,  -1.000000    ,  0.2423393    ,
           2000,             83,   8.830000    ,   2.724160    ,  -1.000000    ,  0.2411855    ,
           2000,             84,   9.000000    ,   2.711134    ,  -1.000000    ,  0.2400396    ,
           2000,             85,   8.950000    ,   2.698190    ,  -1.000000    ,  0.2388998    ,
           2000,             86,   8.980000    ,   2.685302    ,  -1.000000    ,  0.2377675    ,
           2000,             87,   8.920000    ,   2.672518    ,  -1.000000    ,  0.2366422    ,
           2000,             88,   8.990000    ,   2.659793    ,  -1.000000    ,  0.2355227    ,
           2000,             89,   9.160000    ,   2.647151    ,  -1.000000    ,  0.2344105    ,
           2000,             90,   9.080000    ,   2.634593    ,  -1.000000    ,  0.2333049    ,
           2000,             91,   8.820000    ,   2.622098    ,  -1.000000    ,  0.2322083    ,
           2000,             92,   8.790000    ,   2.609686    ,  -1.000000    ,  0.2311168    ,
           2000,             93,   9.000000    ,   2.597363    ,  -1.000000    ,  0.2300312    ,
           2000,             94,   9.220000    ,   2.593772    ,  -1.000000    ,  0.2296506    ,
           2000,             95,   9.220000    ,   2.593872    ,  -1.000000    ,  0.2331785    ,
           2000,             96,   9.430000    ,   2.570839    ,  -1.000000    ,  0.2280928    ,
           2000,             97,   9.480000    ,   2.551573    ,  -1.000000    ,  0.2259622    ,
           2000,             98,   9.150000    ,   2.537617    ,  -1.000000    ,  0.2247283    ,
           2000,             99,   8.820000    ,   2.539921    ,  -1.000000    ,  0.2236514    ,
           2000,            100,   9.000000    ,   2.526702    ,  -1.000000    ,  0.2226059    ,
           2000,            101,   9.290000    ,   2.512143    ,  -1.000000    ,  0.2215732    ,
           2000,            102,   9.310000    ,   2.507638    ,  -1.000000    ,  0.2205436    ,
           2000,            103,   9.320000    ,   2.496127    ,  -1.000000    ,  0.2195186    ,
           2000,            104,   9.260000    ,   2.473264    ,  -1.000000    ,  0.2184999    ,
           2000,            105,   9.450000    ,   2.454947    ,  -1.000000    ,  0.2174886    ,
           2000,            106,   8.400000    ,   2.443473    ,  -1.000000    ,  0.2164827    ,
           2000,            107,   8.110000    ,   2.438778    ,  -1.000000    ,  0.2154840    ,
           2000,            108,   9.420000    ,   2.439321    ,  -1.000000    ,  0.2144899    ,
           2000,            109,   9.780000    ,   2.442370    ,  -1.000000    ,  0.2135024    ,
           2000,            110,   9.570000    ,   2.428937    ,  -1.000000    ,  0.2125200    ,
           2000,            111,   9.540000    ,   3.515790    ,  -1.000000    ,  0.2173410    ,
           2000,            112,   9.960000    ,   3.351361    ,  -1.000000    ,  0.2468984    ,
           2000,            113,   10.30000    ,   4.716781    ,  -1.000000    ,  0.2524717    ,
           2000,            114,   11.10000    ,   2.979592    ,  -1.000000    ,  0.2350674    ,
           2000,            115,   11.80000    ,   2.448115    ,  -1.000000    ,  0.2135082    ,
           2000,            116,   11.70000    ,   2.884362    ,  -1.000000    ,  0.2077577    ,
           2000,            117,   11.30000    ,   3.179535    ,  -1.000000    ,  0.2059783    ,
           2000,            118,   10.90000    ,   5.310624    ,  -1.000000    ,  0.2079381    ,
           2000,            119,   11.00000    ,   14.43738    ,  -1.000000    ,  0.2350721    ,
           2000,            120,   11.70000    ,   3.908723    ,  -1.000000    ,  0.2410221    ,
           2000,            121,   13.20000    ,   10.70540    ,  -1.000000    ,  0.2201576    ,
           2000,            122,   13.30000    ,   19.43678    ,  -1.000000    ,  0.2354665    ,
           2000,            123,   13.40000    ,   27.93878    ,   3.600000    ,  0.2350832    ,
           2000,            124,   14.50000    ,   26.24397    ,   3.800000    ,  0.2447121    ,
           2000,            125,   15.80000    ,   12.98793    ,   4.110000    ,  0.2500041    ,
           2000,            126,   17.40000    ,   4.362683    ,   4.600000    ,  0.2104439    ,
           2000,            127,   17.20000    ,   3.087563    ,   4.560000    ,  0.2020062    ,
           2000,            128,   16.80000    ,   2.317802    ,   4.520000    ,  0.1996896    ,
           2000,            129,   15.90000    ,   5.353891    ,   4.480000    ,  0.1994301    ,
           2000,            130,   15.40000    ,   8.556743    ,   4.460000    ,  0.2032684    ,
           2000,            131,   15.40000    ,   5.045213    ,   4.450000    ,  0.1999877    ,
           2000,            132,   15.70000    ,   2.535851    ,   4.430000    ,  0.1988836    ,
           2000,            133,   15.80000    ,   6.649277    ,   4.390000    ,  0.1986239    ,
           2000,            134,   15.00000    ,   12.84740    ,   4.310000    ,  0.1986904    ,
           2000,            135,   14.60000    ,   19.44447    ,   4.350000    ,  0.2090899    ,
           2000,            136,   14.90000    ,   33.38393    ,   4.510000    ,  0.3819339    ,
           2000,            137,   15.50000    ,   35.74185    ,   5.110000    ,  0.5656769    ,
           2000,            138,   17.30000    ,   36.72133    ,   6.050000    ,  0.9033716    ,
           2000,            139,   20.90000    ,   42.32514    ,   7.190000    ,  0.8415299    ,
           2000,            140,   26.70000    ,   43.96288    ,   8.500000    ,  0.6335194    ,
           2000,            141,   32.00000    ,   44.59204    ,   9.320000    ,  0.7977003    ,
           2000,            142,   34.30000    ,   54.54765    ,   10.10000    ,   1.965189    ,
           2000,            143,   37.30000    ,   64.47176    ,   12.00000    ,   1.714185    ,
           2000,            144,   52.10000    ,   58.04497    ,   15.20000    ,  0.5154244    ,
           2000,            145,   60.60000    ,   15.16058    ,   15.50000    ,  0.5628121    ,
           2000,            146,   56.10000    ,   27.56639    ,   14.80000    ,  0.9882755    ,
           2000,            147,   53.60000    ,   41.92198    ,   14.00000    ,  0.9632397    ,
           2000,            148,   52.40000    ,   39.70355    ,   13.20000    ,   1.270482    ,
           2000,            149,   50.20000    ,   56.90793    ,   12.90000    ,  0.9204438    ,
           2000,            150,   51.20000    ,   39.07590    ,   13.20000    ,  0.6232453    ,
           2000,            151,   50.20000    ,   59.79106    ,   12.80000    ,  0.6950120    ,
           2000,            152,   50.10000    ,   27.40767    ,   13.20000    ,   1.572860    ,
           2000,            153,   48.50000    ,   29.63380    ,   12.70000    ,   2.169796    ,
           2000,            154,   46.60000    ,   33.02434    ,   12.30000    ,   2.873060    ,
           2000,            155,   47.80000    ,   36.92446    ,   12.20000    ,   4.497067    ,
           2000,            156,   50.60000    ,   41.37726    ,   12.50000    ,   7.666704    ,
           2000,            157,   60.80000    ,   58.63449    ,   13.60000    ,   4.247029    ,
           2000,            158,   76.00000    ,   91.44611    ,   15.70000    ,   8.275327    ,
           2000,            159,   89.60000    ,   130.5675    ,   19.10000    ,   7.323960    ,
           2000,            160,   102.0000    ,   145.5126    ,   21.60000    ,   19.72751    ,
           2000,            161,   111.0000    ,   254.0033    ,   24.80000    ,   18.91605    ,
           2000,            162,   129.0000    ,   176.6842    ,   29.40000    ,   8.412164    ,
           2000,            163,   138.0000    ,   233.3815    ,   31.60000    ,   43.15982    ,
           2000,            164,   130.0000    ,   129.3113    ,   30.20000    ,   14.09450    ,
           2000,            165,   113.0000    ,   61.45839    ,   26.00000    ,   7.491018    ,
           2000,            166,   100.0000    ,   67.18343    ,   22.20000    ,   11.45467    ,
           2000,            167,   95.20000    ,   81.62347    ,   20.50000    ,   9.512778    ,
           2000,            168,   102.0000    ,   54.76845    ,   20.30000    ,   6.486749    ,
           2000,            169,   97.40000    ,   45.60718    ,   19.20000    ,   5.967537    ,
           2000,            170,   93.90000    ,   41.94301    ,   18.70000    ,   13.23410    ,
           2000,            171,   96.20000    ,   74.88448    ,   19.10000    ,   12.02835    ,
           2000,            172,   103.0000    ,   48.77512    ,   20.20000    ,   9.813815    ,
           2000,            173,   102.0000    ,   44.83661    ,   20.00000    ,   8.559985    ,
           2000,            174,   103.0000    ,   50.53009    ,   20.40000    ,   8.686594    ,
           2000,            175,   117.0000    ,   46.65213    ,   22.50000    ,   4.973834    ,
           2000,            176,   111.0000    ,   105.3347    ,   21.80000    ,   16.32184    ,
           2000,            177,   108.0000    ,   106.1072    ,   21.90000    ,   4.185967    ,
           2000,            178,   104.0000    ,   44.94012    ,   20.80000    ,   4.796994    ,
           2000,            179,   103.0000    ,   45.38599    ,   20.90000    ,   4.223539    ,
           2000,            180,   112.0000    ,   50.20911    ,   22.70000    ,   9.117218    ,
           2000,            181,   120.0000    ,   53.55227    ,   25.30000    ,   10.69790    ,
           2000,            182,   131.0000    ,   52.10651    ,   28.50000    ,   11.21091    ,
           2000,            183,   147.0000    ,   48.97579    ,   31.90000    ,   13.00259    ,
           2000,            184,   151.0000    ,   75.83784    ,   33.80000    ,   23.32173    ,
           2000,            185,   153.0000    ,   59.46879    ,   34.80000    ,   7.106066    ,
           2000,            186,   139.0000    ,   69.90688    ,   31.70000    ,   17.96932    ,
           2000,            187,   128.0000    ,   154.9015    ,   29.90000    ,   13.88358    ,
           2000,            188,   121.0000    ,   46.39009    ,   28.10000    ,   5.451969    ,
           2000,            189,   113.0000    ,   39.64245    ,   25.10000    ,   4.202814    ,
           2000,            190,   106.0000    ,   37.71521    ,   23.40000    ,   3.936066    ,
           2000,            191,   102.0000    ,   45.02552    ,   23.00000    ,   8.124722    ,
           2000,            192,   108.0000    ,   41.96186    ,   24.50000    ,   7.414909    ,
           2000,            193,   112.0000    ,   51.33350    ,   26.70000    ,   6.485609    ,
           2000,            194,   115.0000    ,   46.48570    ,   28.30000    ,   5.284429    ,
           2000,            195,   121.0000    ,   50.65770    ,   30.10000    ,   5.579679    ,
           2000,            196,   129.0000    ,   52.59610    ,   32.20000    ,   5.585620    ,
           2000,            197,   135.0000    ,   98.45116    ,   35.10000    ,   18.97138    ,
           2000,            198,   141.0000    ,   115.8135    ,   38.00000    ,   8.542782    ,
           2000,            199,   130.0000    ,   55.23713    ,   33.80000    ,   6.581973    ,
           2000,            200,   118.0000    ,   51.88775    ,   30.70000    ,   5.377739    ,
           2000,            201,   112.0000    ,   51.28697    ,   29.10000    ,   5.279891    ,
           2000,            202,   111.0000    ,   53.26948    ,   29.70000    ,   5.406148    ,
           2000,            203,   117.0000    ,   54.80019    ,   32.30000    ,   5.720945    ,
           2000,            204,   123.0000    ,   57.94693    ,   34.50000    ,   6.417494    ,
           2000,            205,   124.0000    ,   60.05928    ,   35.70000    ,   8.925052    ,
           2000,            206,   125.0000    ,   80.99606    ,   37.70000    ,   7.777841    ,
           2000,            207,   126.0000    ,   45.66195    ,   38.70000    ,   7.224215    ,
           2000,            208,   122.0000    ,   88.48235    ,   37.10000    ,   12.90132    ,
           2000,            209,   119.0000    ,   58.08435    ,   35.90000    ,   6.707355    ,
           2000,            210,   113.0000    ,   49.05956    ,   33.60000    ,   5.891467    ,
           2000,            211,   106.0000    ,   49.26828    ,   31.90000    ,   7.343047    ,
           2000,            212,   109.0000    ,   55.76316    ,   34.50000    ,   6.543707    ,
           2000,            213,   110.0000    ,   57.02230    ,   34.60000    ,   6.823915    ,
           2000,            214,   105.0000    ,   59.08706    ,   33.80000    ,   7.235535    ,
           2000,            215,   108.0000    ,   54.93850    ,   34.60000    ,   6.378718    ,
           2000,            216,   106.0000    ,   53.19421    ,   33.30000    ,   5.153228    ,
           2000,            217,   99.60000    ,   65.79505    ,   31.10000    ,   6.439834    ,
           2000,            218,   100.0000    ,   76.18892    ,   29.60000    ,   4.932759    ,
           2000,            219,   99.70000    ,   47.62763    ,   29.30000    ,   5.235232    ,
           2000,            220,   96.10000    ,   73.14463    ,   30.10000    ,   7.745920    ,
           2000,            221,   97.50000    ,   48.53938    ,   30.40000    ,   5.305759    ,
           2000,            222,   91.30000    ,   50.19698    ,   28.20000    ,   5.781887    ,
           2000,            223,   86.40000    ,   51.56978    ,   27.30000    ,   6.047512    ,
           2000,            224,   85.70000    ,   47.81485    ,   27.50000    ,   5.698211    ,
           2000,            225,   83.50000    ,   41.44854    ,   26.60000    ,   5.139657    ,
           2000,            226,   79.70000    ,   38.19268    ,   24.40000    ,   4.434294    ,
           2000,            227,   73.60000    ,   36.17927    ,   22.00000    ,   4.901351    ,
           2000,            228,   69.80000    ,   41.23587    ,   20.10000    ,   4.953776    ,
           2000,            229,   64.20000    ,   40.94732    ,   18.00000    ,   5.202966    ,
           2000,            230,   60.80000    ,   40.76361    ,   16.50000    ,   4.991573    ,
           2000,            231,   57.20000    ,   40.29643    ,   15.60000    ,   5.147543    ,
           2000,            232,   55.20000    ,   36.60863    ,   15.30000    ,   4.377632    ,
           2000,            233,   53.90000    ,   26.98728    ,   15.00000    ,   3.748615    ,
           2000,            234,   52.20000    ,   28.09690    ,   13.70000    ,   3.618903    ,
           2000,            235,   48.70000    ,   31.18036    ,   12.30000    ,   3.913220    ,
           2000,            236,   45.60000    ,   34.47817    ,   11.70000    ,   4.308736    ,
           2000,            237,   44.30000    ,   34.80058    ,   12.10000    ,   3.932090    ,
           2000,            238,   44.60000    ,   29.63431    ,   12.90000    ,   3.769437    ,
           2000,            239,   45.80000    ,   30.11412    ,   13.90000    ,   3.544619    ,
           2000,            240,   47.40000    ,   24.40263    ,   14.90000    ,   2.832907    ,
           2000,            241,   49.10000    ,   24.92838    ,   14.10000    ,   3.120818    ,
           2000,            242,   45.70000    ,   25.24909    ,   12.60000    ,   2.731366    ,
           2000,            243,   43.30000    ,   56.92902    ,   11.90000    ,   7.643755    ,
           2000,            244,   45.00000    ,   34.77397    ,   11.60000    ,   2.824528    ,
           2000,            245,   42.80000    ,   28.75449    ,   10.60000    ,   6.292263    ,
           2000,            246,   40.80000    ,   111.8630    ,   10.40000    ,   12.29050    ,
           2000,            247,   41.20000    ,   228.2171    ,   11.00000    ,   11.12616    ,
           2000,            248,   46.20000    ,   96.76834    ,   10.80000    ,   4.119400    ,
           2000,            249,   44.40000    ,   26.58583    ,   10.00000    ,   2.362703    ,
           2000,            250,   41.20000    ,   22.20107    ,   9.130000    ,   2.666572    ,
           2000,            251,   38.60000    ,   19.77905    ,   8.530000    ,   2.466577    ,
           2000,            252,   36.30000    ,   181.5615    ,   8.040000    ,   24.07874    ,
           2000,            253,   40.80000    ,   176.2244    ,   9.520000    ,   4.490150    ,
           2000,            254,   43.90000    ,   24.11349    ,   8.850000    ,   2.211321    ,
           2000,            255,   40.50000    ,   18.28695    ,   8.580000    ,   1.654834    ,
           2000,            256,   38.30000    ,   12.03863    ,   7.950000    ,   1.856067    ,
           2000,            257,   36.10000    ,   14.07197    ,   7.750000    ,   2.284032    ,
           2000,            258,   36.70000    ,   13.31617    ,   7.780000    ,   3.364608    ,
           2000,            259,   36.20000    ,   19.77915    ,   7.690000    ,   5.673085    ,
           2000,            260,   36.30000    ,   24.16594    ,   7.980000    ,   5.569402    ,
           2000,            261,   37.70000    ,   20.93803    ,   8.370000    ,   4.699993    ,
           2000,            262,   39.20000    ,   36.84409    ,   9.170000    ,   9.623984    ,
           2000,            263,   43.10000    ,   27.96276    ,   11.60000    ,   2.994640    ,
           2000,            264,   47.20000    ,   15.85217    ,   11.10000    ,   1.642051    ,
           2000,            265,   44.80000    ,   16.97898    ,   10.30000    ,   1.407433    ,
           2000,            266,   42.60000    ,   7.747448    ,   9.550000    ,   1.232109    ,
           2000,            267,   38.80000    ,   6.291321    ,   8.520000    ,   1.077170    ,
           2000,            268,   36.20000    ,   6.410185    ,   7.900000    ,   1.060296    ,
           2000,            269,   34.30000    ,   7.248049    ,   7.400000    ,   1.067488    ,
           2000,            270,   32.40000    ,   8.204521    ,   7.050000    ,   1.107916    ,
           2000,            271,   30.80000    ,   8.651509    ,   6.820000    ,   1.101973    ,
           2000,            272,   29.60000    ,   8.685393    ,   6.580000    ,   1.116538    ,
           2000,            273,   29.00000    ,   8.822714    ,   6.400000    ,   1.231707    ,
           2000,            274,   28.40000    ,   25.30630    ,   6.360000    ,   5.024183    ,
           2000,            275,   30.30000    ,   39.96114    ,   7.230000    ,   1.874808    ,
           2000,            276,   33.90000    ,   7.454981    ,   6.930000    ,   1.045802    ,
           2000,            277,   31.30000    ,   5.812307    ,   6.260000    ,   1.023286    ,
           2000,            278,   29.20000    ,   5.658413    ,   5.800000    ,   1.018670    ,
           2000,            279,   27.90000    ,   5.629249    ,   5.490000    ,   1.014571    ,
           2000,            280,   25.80000    ,   5.608479    ,   5.020000    ,   1.010464    ,
           2000,            281,   24.70000    ,   5.594609    ,   4.740000    ,   1.006327    ,
           2000,            282,   24.60000    ,   5.597076    ,   4.570000    ,   1.002154    ,
           2000,            283,   23.90000    ,   5.608046    ,   4.480000    ,  0.9979365    ,
           2000,            284,   23.20000    ,   5.685162    ,   4.390000    ,  0.9937353    ,
           2000,            285,   22.70000    ,   5.751422    ,   4.330000    ,  0.9906825    ,
           2000,            286,   22.30000    ,   5.784483    ,   4.180000    ,  0.9869530    ,
           2000,            287,   21.60000    ,   5.725033    ,   4.050000    ,  0.9819067    ,
           2000,            288,   21.10000    ,   5.561079    ,   3.940000    ,  0.9768891    ,
           2000,            289,   20.70000    ,   5.492210    ,   3.930000    ,  0.9717216    ,
           2000,            290,   20.40000    ,   5.482866    ,   3.830000    ,  0.9672078    ,
           2000,            291,   19.90000    ,   5.468205    ,   3.730000    ,  0.9627042    ,
           2000,            292,   19.70000    ,   5.402189    ,   3.840000    ,  0.9582000    ,
           2000,            293,   20.30000    ,   5.362717    ,   4.390000    ,  0.9536847    ,
           2000,            294,   21.90000    ,   5.356115    ,   4.550000    ,  0.9491618    ,
           2000,            295,   20.90000    ,   5.296692    ,   4.400000    ,  0.9446402    ,
           2000,            296,   21.00000    ,   5.267051    ,   4.470000    ,  0.9401112    ,
           2000,            297,   20.00000    ,   5.245481    ,   4.080000    ,  0.9355597    ,
           2000,            298,   19.30000    ,   5.224581    ,   3.940000    ,  0.9309218    ,
           2000,            299,   19.00000    ,   5.206882    ,   3.820000    ,  0.9262578    ,
           2000,            300,   18.60000    ,   5.186095    ,   3.710000    ,  0.9215840    ,
           2000,            301,   18.20000    ,   5.165954    ,   3.600000    ,  0.9169020    ,
           2000,            302,   18.00000    ,   5.141466    ,   3.520000    ,  0.9121949    ,
           2000,            303,   17.70000    ,   5.113513    ,   3.500000    ,  0.9074219    ,
           2000,            304,   17.50000    ,   5.090144    ,   3.430000    ,  0.9026451    ,
           2000,            305,   17.10000    ,   5.067585    ,   3.300000    ,  0.8978469    ,
           2000,            306,   16.20000    ,   5.044791    ,   3.180000    ,  0.8929811    ,
           2000,            307,   16.30000    ,   5.021746    ,  -1.000000    ,  0.8880172    ,
           2000,            308,   14.80000    ,   4.998294    ,  -1.000000    ,  0.8829138    ,
           2000,            309,   14.90000    ,   4.974372    ,  -1.000000    ,  0.8778178    ,
           2000,            310,   16.20000    ,   4.950326    ,  -1.000000    ,  0.8727486    ,
           2000,            311,   15.70000    ,   4.926099    ,  -1.000000    ,  0.8677029    ,
           2000,            312,   12.60000    ,   4.901531    ,  -1.000000    ,  0.8626439    ,
           2000,            313,   11.40000    ,   4.876724    ,  -1.000000    ,  0.8575786    ,
           2000,            314,   11.00000    ,   4.851840    ,  -1.000000    ,  0.8525333    ,
           2000,            315,   10.40000    ,   4.826898    ,  -1.000000    ,  0.8474479    ,
           2000,            316,   10.00000    ,   4.801905    ,  -1.000000    ,  0.8423025    ,
           2000,            317,   9.880000    ,   4.776757    ,  -1.000000    ,  0.8370528    ,
           2000,            318,   9.520000    ,   4.751222    ,  -1.000000    ,  0.8316882    ,
           2000,            319,   9.610000    ,   4.725246    ,  -1.000000    ,  0.8263498    ,
           2000,            320,   9.580000    ,   4.699153    ,  -1.000000    ,  0.8210464    ,
           2000,            321,   9.890000    ,   4.673141    ,  -1.000000    ,  0.8157706    ,
           2000,            322,   10.30000    ,   4.647282    ,  -1.000000    ,  0.8105283    ,
           2000,            323,   10.10000    ,   4.621558    ,  -1.000000    ,  0.8053240    ,
           2000,            324,   10.50000    ,   4.595994    ,  -1.000000    ,  0.8001574    ,
           2000,            325,   10.80000    ,   4.570586    ,  -1.000000    ,  0.7950296    ,
           2000,            326,   10.40000    ,   4.545309    ,  -1.000000    ,  0.7899396    ,
           2000,            327,   10.40000    ,   4.520193    ,  -1.000000    ,  0.7848866    ,
           2000,            328,   10.90000    ,   4.495187    ,  -1.000000    ,  0.7798712    ,
           2000,            329,   11.20000    ,   4.470318    ,  -1.000000    ,  0.7748930    ,
           2000,            330,   12.00000    ,   4.445549    ,  -1.000000    ,  0.7699509    ,
           2000,            331,   12.60000    ,   4.420946    ,  -1.000000    ,  0.7650327    ,
           2000,            332,   13.00000    ,   4.396468    ,  -1.000000    ,  0.7601438    ,
           2000,            333,   13.20000    ,   4.372151    ,  -1.000000    ,  0.7552857    ,
           2000,            334,   12.90000    ,   4.347971    ,  -1.000000    ,  0.7504590    ,
           2000,            335,   12.20000    ,   4.323950    ,  -1.000000    ,  0.7456713    ,
           2000,            336,   12.70000    ,   4.300085    ,  -1.000000    ,  0.7409223    ,
           2000,            337,   12.60000    ,   4.276382    ,  -1.000000    ,  0.7362115    ,
           2000,            338,   12.40000    ,   4.252849    ,  -1.000000    ,  0.7315382    ,
           2000,            339,   12.60000    ,   4.229483    ,  -1.000000    ,  0.7269029    ,
           2000,            340,   11.30000    ,   4.206284    ,  -1.000000    ,  0.7223048    ,
           2000,            341,   11.30000    ,   4.183242    ,  -1.000000    ,  0.7177436    ,
           2000,            342,   10.10000    ,   4.160368    ,  -1.000000    ,  0.7132185    ,
           2000,            343,   9.660000    ,   4.137644    ,  -1.000000    ,  0.7087297    ,
           2000,            344,   8.600000    ,   4.115081    ,  -1.000000    ,  0.7042767    ,
           2000,            345,   8.490000    ,   4.092677    ,  -1.000000    ,  0.6998588    ,
           2000,            346,   7.990000    ,   4.070438    ,  -1.000000    ,  0.6954766    ,
           2000,            347,   7.880000    ,   4.048347    ,  -1.000000    ,  0.6911287    ,
           2000,            348,   7.960000    ,   4.026401    ,  -1.000000    ,  0.6868153    ,
           2000,            349,   8.080000    ,   4.004618    ,  -1.000000    ,  0.6825363    ,
           2000,            350,   8.240000    ,   3.982983    ,  -1.000000    ,  0.6782907    ,
           2000,            351,   8.550000    ,   3.961492    ,  -1.000000    ,  0.6740786    ,
           2000,            352,   8.630000    ,   3.940157    ,  -1.000000    ,  0.6698997    ,
           2000,            353,   9.040000    ,   3.918964    ,  -1.000000    ,  0.6657534    ,
           2000,            354,   9.360000    ,   3.897916    ,  -1.000000    ,  0.6616399    ,
           2000,            355,   10.10000    ,   3.877023    ,  -1.000000    ,  0.6575585    ,
           2000,            356,   10.00000    ,   3.856266    ,  -1.000000    ,  0.6535088    ,
           2000,            357,   9.460000    ,   3.835644    ,  -1.000000    ,  0.6494907    ,
           2000,            358,   10.10000    ,   3.815173    ,  -1.000000    ,  0.6455039    ,
           2000,            359,   10.60000    ,   3.794838    ,  -1.000000    ,  0.6415480    ,
           2000,            360,   10.90000    ,   3.774642    ,  -1.000000    ,  0.6376228    ,
           2000,            361,   10.90000    ,   3.754595    ,  -1.000000    ,  0.6337281    ,
           2000,            362,   10.90000    ,   3.734659    ,  -1.000000    ,  0.6298628    ,
           2000,            363,   10.80000    ,   3.714870    ,  -1.000000    ,  0.6260275    ,
           2000,            364,   10.70000    ,   3.695220    ,  -1.000000    ,  0.6222218    ,
           2000,            365,   10.40000    ,   3.675694    ,  -1.000000    ,  0.6184454    ,
           2000,            366,   10.20000    ,   3.656317    ,  -1.000000    ,  0.6146978    ,
